"",112,113,114
"",22,23,24
"",748,749,750
"",409,410,411
"",829,830,831
"",91,92,93
"",547,548,549
"",220,221,222
"",577,578,579
"",367,368,369
"",718,719,720
"",793,794,795
"",124,125,126
"",382,383,384
"n",253,254,255
"",322,323,324
"A",550,551,552
"",529,530,531
"",505,506,507
"",265,266,267
"",586,587,588
"",31,32,33
"",43,44,45
"",361,362,363
"",334,335,336
"e",769,770,771
"",733,734,735
"",259,260,261
"",661,662,663
"",406,407,408
"",229,230,231
"",613,614,615
"",247,248,249
"ӆ",673,674,675
"V",772,773,774
"",61,62,63
"",376,377,378
"",538,539,540
"V",574,575,576
"",778,779,780
"Z",163,164,165
"I",832,833,834
"",1,2,3
"",13,14,15
"",226,227,228
"",646,647,648
"",625,626,627
"",631,632,633
"",169,170,171
"",307,308,309
"",37,38,39
"",595,596,597
"",148,149,150
"",205,206,207
"p",619,620,621
"",157,158,159
"",16,17,18
"",571,572,573
"",715,716,717
"`",616,617,618
"",670,671,672
"ԓ",682,683,684
"",442,443,444
"",400,401,402
"",373,374,375
"C",598,599,600
"V",604,605,606
"",811,812,813
"",193,194,195
"",817,818,819
"",826,827,828
"",325,326,327
"",280,281,282
"",58,59,60
"؞",706,707,708
"܉",721,722,723
"",757,758,759
"",286,287,288
"",244,245,246
"A",637,638,639
"",472,473,474
"",607,608,609
"",232,233,234
"Q",343,344,345
"",121,122,123
"",298,299,300
"",283,284,285
"",844,845,846
"",565,566,567
"",856,857,858
"",106,107,108
"",535,536,537
"",580,581,582
"",256,257,258
"",388,389,390
"",25,26,27
"",526,527,528
"",424,425,426
"",184,185,186
"",34,35,36
"",82,83,84
"",754,755,756
"",511,512,513
"g",601,602,603
"",763,764,765
"",328,329,330
"",379,380,381
"o",610,611,612
"",394,395,396
"L",853,854,855
"",319,320,321
"",640,641,642
"",301,302,303
"",76,77,78
"",49,50,51
"",151,152,153
"",130,131,132
"",190,191,192
"",331,332,333
"K",136,137,138
"",499,500,501
"E",496,497,498
"",238,239,240
"",463,464,465
"",7,8,9
"",97,98,99
"",109,110,111
"",73,74,75
"",241,242,243
"b",775,776,777
"Z",592,593,594
"d",520,521,522
"",664,665,666
"",805,806,807
"",820,821,822
"",823,824,825
"¡",802,803,804
"¥",439,440,441
"©",487,488,489
"¯",508,509,510
"",667,668,669
"",133,134,135
"",655,656,657
"û",457,458,459
"",847,848,849
"",460,461,462
"",52,53,54
"",634,635,636
"",478,479,480
"Ĥ",418,419,420
"ħ",850,851,852
"ī",142,143,144
"\",697,698,699
"ĳ",427,428,429
"ļ",79,80,81
"Ľ",268,269,270
"",85,86,87
"",187,188,189
"",208,209,210
"",64,65,66
"Ű",649,650,651
"Z",691,692,693
"ŷ",445,446,447
"Ź",454,455,456
"ż",40,41,42
"",340,341,342
"",532,533,534
"",799,800,801
"",421,422,423
"",541,542,543
"Ư",484,485,486
"",178,179,180
"",448,449,450
"",211,212,213
"",433,434,435
"T",838,839,840
"",10,11,12
"",118,119,120
"",160,161,162
"",436,437,438
"",277,278,279
"Ǳ",493,494,495
"",223,224,225
"Ո",688,689,690
"j",700,701,702
"",55,56,57
"",166,167,168
"",730,731,732
"",490,491,492
"ɣ",430,431,432
"",337,338,339
"",622,623,624
"",370,371,372
"",358,359,360
"",19,20,21
"",199,200,201
"N",391,392,393
"",514,515,516
"ʩ",385,386,387
"ʪ",466,467,468
"",28,29,30
"",202,203,204
"",451,452,453
"˥",658,659,660
"˫",103,104,105
"",481,482,483
"",808,809,810
"l",841,842,843
"",583,584,585
"",739,740,741
"[",559,560,561
"̥",403,404,405
"",154,155,156
"",796,797,798
"",628,629,630
"T",139,140,141
"",703,704,705
"Ӛ",676,677,678
"",469,470,471
"ο",271,272,273
"g",562,563,564
"",292,293,294
"ϧ",295,296,297
"",517,518,519
"Ͽ",217,218,219
"t",712,713,714
"а",751,752,753
"{",412,413,414
"Я",352,353,354
"ж",94,95,96
"",727,728,729
"",67,68,69
"",652,653,654
"",250,251,252
"",181,182,183
"",70,71,72
"",502,503,504
"",196,197,198
"P",346,347,348
"e",349,350,351
"",4,5,6
"",316,317,318
"Ӳ",544,545,546
"",364,365,366
"ԁ",679,680,681
"",235,236,237
"n",274,275,276
"",100,101,102
"T",685,686,687
"",175,176,177
"",262,263,264
"",736,737,738
"z",523,524,525
"",214,215,216
"",289,290,291
"",787,788,789
"",397,398,399
"",643,644,645
"",742,743,744
"k",313,314,315
"\",709,710,711
"",304,305,306
"",355,356,357
"",46,47,48
"ճ",589,590,591
"",310,311,312
"Û",415,416,417
"",115,116,117
"",172,173,174
"",781,782,783
"b",814,815,816
"",553,554,555
"",568,569,570
"",475,476,477
"",556,557,558
"",784,785,786
"S",724,725,726
"",127,128,129
"v",835,836,837
"",766,767,768
"",145,146,147
"׿",88,89,90
"J",694,695,696
"",790,791,792
"E",760,761,762
"",745,746,747
